﻿<?xml version="1.0" encoding="utf-8"?>
<Package xmlns:mp="http://schemas.microsoft.com/appx/2014/phone/manifest" xmlns:uap="http://schemas.microsoft.com/appx/manifest/uap/windows10" xmlns:uap2="http://schemas.microsoft.com/appx/manifest/uap/windows10/2" xmlns:uap3="http://schemas.microsoft.com/appx/manifest/uap/windows10/3" xmlns:uap4="http://schemas.microsoft.com/appx/manifest/uap/windows10/4" xmlns:iot="http://schemas.microsoft.com/appx/manifest/iot/windows10" xmlns:mobile="http://schemas.microsoft.com/appx/manifest/mobile/windows10" IgnorableNamespaces="uap uap2 uap3 uap4 mp mobile iot" xmlns="http://schemas.microsoft.com/appx/manifest/foundation/windows10">
  <Identity Name="Template3D" Publisher="CN=FunkyMonke" Version="1.0.0.0" ProcessorArchitecture="x64" />
  <mp:PhoneIdentity PhoneProductId="e1b4dbc9-fdc6-466e-9141-fc994532c994" PhonePublisherId="00000000-0000-0000-0000-000000000000" />
  <Properties>
    <DisplayName>Bean Shooters</DisplayName>
    <PublisherDisplayName>FunkyMonke</PublisherDisplayName>
    <Logo>Assets\StoreLogo.png</Logo>
  </Properties>
  <Dependencies>
    <TargetDeviceFamily Name="Windows.Universal" MinVersion="10.0.10240.0" MaxVersionTested="10.0.22000.0" />
    <PackageDependency Name="Microsoft.VCLibs.140.00" MinVersion="14.0.0.0" Publisher="CN=Microsoft Corporation, O=Microsoft Corporation, L=Redmond, S=Washington, C=US" />
  </Dependencies>
  <Resources>
    <Resource Language="EN-US" />
  </Resources>
  <Applications>
    <Application Id="App" Executable="Bean Shooters.exe" EntryPoint="Template3D.App">
      <uap:VisualElements DisplayName="Bean Shooters" Square150x150Logo="Assets\Square150x150Logo.png" Square44x44Logo="Assets\Square44x44Logo.png" Description="Template_3D" BackgroundColor="transparent">
        <uap:DefaultTile ShortName="Bean Shooters" Wide310x150Logo="Assets\Wide310x150Logo.png" />
        <uap:SplashScreen Image="Assets\SplashScreen.png" BackgroundColor="transparent" />
        <uap:InitialRotationPreference>
          <uap:Rotation Preference="landscape" />
          <uap:Rotation Preference="landscapeFlipped" />
          <uap:Rotation Preference="portrait" />
          <uap:Rotation Preference="portraitFlipped" />
        </uap:InitialRotationPreference>
      </uap:VisualElements>
    </Application>
  </Applications>
  <Extensions>
    <Extension Category="windows.activatableClass.inProcessServer">
      <InProcessServer>
        <Path>UnityPlayer.dll</Path>
        <ActivatableClass ActivatableClassId="UnityPlayer.AppCallbacks" ThreadingModel="both" />
        <ActivatableClass ActivatableClassId="UnityPlayer.XamlViewManager" ThreadingModel="both" />
      </InProcessServer>
    </Extension>
  </Extensions>
</Package>